Gestion des vulnerabilites : Hackuity leve 12 millions €;https://www.silicon.fr/gestion-des-vulnerabilites-hackuity-leve-12-millions-e-434330.html;https://www.silicon.fr/wp-content/uploads/2022/03/XT1KD6vG_400x400-120x90.jpg
Cybersecurite : pourquoi SentinelOne acquiert Attivo Networks;https://www.silicon.fr/cybersecurite-sentinelone-acquiert-attivo-networks-434332.html;https://www.silicon.fr/wp-content/uploads/2021/05/Cybersécurité-formation-culture-cyber-120x90.jpg
Ukraine : la menace cyber devient vraiment proteiforme;https://www.silicon.fr/ukraine-menace-cyber-proteiforme-434274.html;https://www.silicon.fr/wp-content/uploads/2022/03/Ukraine-menace-cyber-protéiforme-120x90.jpg
L’ANSSI allemande deconseille Kaspersky : l’editeur reagit;https://www.silicon.fr/anssi-allemande-deconseille-kaspersky-434252.html;https://www.silicon.fr/wp-content/uploads/2022/03/Kaspersky-ANSSI-allemande-120x90.jpg
Cybersecurite : divulguer une faille ou garder le secret ?;https://www.silicon.fr/cybersecurite-divulguer-faille-ou-secret-434209.html;https://www.silicon.fr/wp-content/uploads/2015/05/hacking-hacker-sécurité-120x90.jpg
Les chevaux de Troie s’adaptent aussi au MFA;https://www.silicon.fr/chevaux-troie-mfa-434060.html;https://www.silicon.fr/wp-content/uploads/2022/03/Escobar-malware-MFA-Google-Authenticator-120x90.jpg
Strategies cyber nationales: la France plus transparente que ses voisins ?;https://www.silicon.fr/strategies-cyber-nationales-france-plus-transparente-voisins-434009.html;https://www.silicon.fr/wp-content/uploads/2022/03/stratégies-cyber-nationales-120x90.jpeg
Ransomwares, la menace evolue;https://www.silicon.fr/avis-expert/ransomwares-la-menace-evolue;https://www.silicon.fr/wp-content/uploads/2021/02/ANSSI-ransomwares-2021-120x90.jpg
Cybersecurite : au-dela de la Russie, l’ANSSI regarde vers la Chine;https://www.silicon.fr/cybersecurite-russie-anssi-chine-433831.html;https://www.silicon.fr/wp-content/uploads/2022/03/ANSSI-Chine-120x90.png
Google emporte finalement Mandiant pour 5,4 Md$;https://www.silicon.fr/google-emporte-finalement-mandiant-pour-54-md-433733.html;https://www.silicon.fr/wp-content/uploads/2022/03/Mandiant-Google-120x90.jpg
Dirty Pipe : pourquoi cette faille Linux est critique;https://www.silicon.fr/dirty-pipe-faille-linux-critique-433686.html;https://www.silicon.fr/wp-content/uploads/2022/03/Dirty-Pipe-120x90.jpg
Low Code/No Code : les implications en matiere de cybersecurite;https://www.silicon.fr/avis-expert/low-code-no-code-les-implications-en-matiere-de-cybersecurite;https://www.silicon.fr/wp-content/uploads/2012/01/Open-source-Code-©-Zothen-Fotolia.com_-120x90.jpg
CyberEast : quel est ce projet europeen que le conflit ukrainien met en lumiere ?;https://www.silicon.fr/cybereast-projet-europeen-conflit-ukrainien-433497.html;https://www.silicon.fr/wp-content/uploads/2022/03/CyberEast-120x90.jpg
DevSecOps : Sysdig et Snyk musclent la securite des conteneurs;https://www.silicon.fr/devsecops-sysdig-snyk-securite-conteneurs-433465.html;https://www.silicon.fr/wp-content/uploads/2018/08/pexels-photo-163811-120x90.jpeg
Ukraine-Russie : l’ANSSI pose clairement la question Kaspersky;https://www.silicon.fr/ukraine-russie-anssi-kaspersky-433413.html;https://www.silicon.fr/wp-content/uploads/2022/03/ANSSI-Kaspersky-Russie-120x90.jpg
L’OTAN se signale sur la cryptographie post-quantique;https://www.silicon.fr/otan-cryptographie-post-quantique-433391.html;https://www.silicon.fr/wp-content/uploads/2022/03/OTAN-post-quantique-120x90.jpeg
ANSSI : Guillaume Poupard passera le relais cet ete;https://www.silicon.fr/anssi-guillaume-poupard-relais-433360.html;https://www.silicon.fr/wp-content/uploads/2017/10/Assise-Guillaume-Poupard-120x90.jpg
Ukraine : comment la France et l’OTAN gerent le volet cyber;https://www.silicon.fr/ukraine-france-otan-cyber-433207.html;https://www.silicon.fr/wp-content/uploads/2014/06/thales-soc-120x90.jpg
Bug bounty : Salesforce a verse 2,8 millions $ en 2021;https://www.silicon.fr/bug-bounty-salesforce-millions-en-2021-433121.html;https://www.silicon.fr/wp-content/uploads/2019/04/unnamed-6-1-120x90.jpg
Ukraine : l’amorce d’une cyberguerre;https://www.silicon.fr/amorce-cyberguerre-ukraine-433091.html;https://www.silicon.fr/wp-content/uploads/2018/01/effort-cyberguerre-france-FIC-2018-120x90.jpg
Securite multicloud : un socle desormais solide chez Microsoft ?;https://www.silicon.fr/securite-multicloud-socle-microsoft-defender-433078.html;https://www.silicon.fr/wp-content/uploads/2022/02/sécurité-multicloud-Microsoft-120x90.jpeg
Cybersecurite : Cloudflare acquiert Area 1 pour 162 millions $;https://www.silicon.fr/cybersecurite-cloudflare-area-1-432991.html;https://www.silicon.fr/wp-content/uploads/2019/07/VIX9eN1-120x90.png
GitHub passe au crowdsourcing pour sa base de vulnerabilites;https://www.silicon.fr/github-crowdsourcing-base-vulnerabilites-432940.html;https://www.silicon.fr/wp-content/uploads/2022/02/GitHub-Advisory-Database-crowdsourcing-120x90.jpg
SSE (Secure Service Edge) : le top 10 des fournisseurs;https://www.silicon.fr/sse-top-10-fournisseurs-432819.html;https://www.silicon.fr/wp-content/uploads/2022/02/Quadrant-2022-SSE-120x90.jpeg
Cybersecurite : les outils open source que conseille l’ANSSI americaine;https://www.silicon.fr/cybersecurite-outils-open-source-anssi-americaine-432732.html;https://www.silicon.fr/wp-content/uploads/2022/02/CISA-open-source-sécurité-120x90.jpg
S(A)SE : comment le marche se structure-t-il en 2022 ?;https://www.silicon.fr/sse-sase-marche-2022-432707.html;https://www.silicon.fr/wp-content/uploads/2022/02/Quadrant-2022-SSE-120x90.jpeg
F5 : ne dites plus Volterra et Shape, mais Distributed Cloud Services;https://www.silicon.fr/f5-volterra-shape-distributed-cloud-services-432535.html;https://www.silicon.fr/wp-content/uploads/2021/09/F5-@F5-120x90.png
;https://www.silicon.fr/cybersecurite-cout-menaces-internes-432497.html;https://www.silicon.fr/wp-content/uploads/2017/09/deloitte-breche-securite-120x90.jpg
Cybersecurite : 10 propositions du Cesin aux presidentiables;https://www.silicon.fr/cybersecurite-10-propositions-cesin-presidentiables-432330.html;https://www.silicon.fr/wp-content/uploads/2019/10/cloud-souverain-fournisseurs-120x90.jpg
Phishing et MFA : comment l’un s’adapte a l’autre;https://www.silicon.fr/phishing-mfa-un-adapte-autre-432324.html;https://www.silicon.fr/wp-content/uploads/2022/02/phishing-proxy-inversé-120x90.jpg
;https://livreblanc.silicon.fr/?post_type=resource&p=21757;https://livreblanc.silicon.fr/wp-content/uploads/2020/10/Capture-120x90.png
;https://livreblanc.silicon.fr/resource/explications-et-avantages-de-la-facture-electronique;https://livreblanc.silicon.fr/wp-content/uploads/2020/10/nouvellecreaLivreblanc-120x90.jpg
;https://livreblanc.silicon.fr/resource/avis-dexperts-infrastructures-hybrides-une-solution-complexe-mais-pas-inaccessible;https://livreblanc.silicon.fr/wp-content/uploads/2020/10/iguane-a-120x90.png
SIEM as a Service : la surveillance du SI bascule dans le Cloud;https://www.silicon.fr/dossiers/siem-as-a-service-la-surveillance-du-si-bascule-dans-le-cloud;https://www.silicon.fr/wp-content/uploads/2020/02/gartner-magic-quadrant-siem-2020-120x90.png
Assurance cyber : la prime flambe, comment la reduire ?;https://www.silicon.fr/dossiers/assurance-cyber-comment-reduire-la-prime;https://www.silicon.fr/wp-content/uploads/2022/01/NotPetya-assurance-cyber-jurisprudence-120x90.jpg
;https://www.silicon.fr/dossiers/sd-wan-vers-une-securite-100-cloud;https://www.silicon.fr/wp-content/uploads/2015/07/res7_3-defis-securite-reseau-article-120x90.jpg
Cybersecurite as a Service : jusqu’ou peut-on externaliser ?;https://www.silicon.fr/dossiers/cybersecurite-as-a-service-jusquou-peut-on-externaliser;https://www.silicon.fr/wp-content/uploads/2021/12/553950_f_secure_1-120x90.jpg
