Qui veut debrancher la Russie de l’Internet mondial ?;https://www.silicon.fr/qui-veut-debrancher-russie-internet-mondial-434048.html;https://www.silicon.fr/wp-content/uploads/2021/04/Gartner-Orange-Business-Services-réseau-120x90.jpeg
APT31 : une campagne cybercriminelle en France dans l’ombre de Pegasus;https://www.silicon.fr/apt31-campagne-cybercriminelle-france-pegasus-413156.html;https://www.silicon.fr/wp-content/uploads/2021/07/APT31-France-120x90.jpg
Cyberpuissance : la France, entre souverainete et allegeance;https://www.silicon.fr/cyberpuissance-france-souverainete-allegeance-411537.html;https://www.silicon.fr/wp-content/uploads/2020/12/espion-surveillance-renseignement-©-kurhan-shutterstock-684x461-1-120x90.png
BackdoorDiplomacy s’attaque aux representations diplomatiques;https://www.silicon.fr/backdoordiplomacy-sattaque-aux-representations-diplomatiques-409950.html;https://www.silicon.fr/wp-content/uploads/2016/04/backdoor-120x90.jpg
Cyberdefense : l’Europe doit penser communaute et besoin marche pour reussir;https://www.silicon.fr/avis-expert/cyberdefense-leurope-doit-penser-communaute-et-besoin-marche-pour-reussir;https://www.silicon.fr/wp-content/uploads/2013/05/Europe-120x90.jpg
Belnet : une cyberattaque au motif politique ?;https://www.silicon.fr/belnet-cyberattaque-motif-politique-406832.html;https://www.silicon.fr/wp-content/uploads/2021/05/Belnet-cyberattaque-120x90.jpeg
Le secteur de la sante dans le radar des cybercriminels : comment surmonter les nouveaux risques lies a la pandemie de COVID-19 ?;https://www.silicon.fr/avis-expert/le-secteur-de-la-sante-dans-le-radar-des-cybercriminels-comment-surmonter-les-nouveaux-risques-lies-a-la-pandemie-de-covid-19;https://www.silicon.fr/wp-content/uploads/2016/02/hopital-machine-120x90.jpg
SolarWinds : de nouvelles armes du crime mises au jour;https://www.silicon.fr/solarwinds-decouverte-armes-crime-401574.html;https://www.silicon.fr/wp-content/uploads/2021/03/SolarWinds-armes-crime-120x90.jpeg
SolarWinds : plus de peur que de mal pour Microsoft ?;https://www.silicon.fr/solarwinds-peur-mal-microsoft-362281.html;https://www.silicon.fr/wp-content/uploads/2021/02/Microsoft-SolarWinds-120x90.jpg
Sandworm : l’ombre de NotPetya et d’Industroyer a plane sur la France;https://www.silicon.fr/sandworm-notpetya-industroyer-france-361796.html;https://www.silicon.fr/wp-content/uploads/2021/02/Sandworm-France-NotPetya-Industroyer-ANSSI-120x90.jpeg
SolarWinds : une campagne d’espionnage peut en cacher une autre;https://www.silicon.fr/solarwinds-campagne-espionnage-cacher-autre-360692.html;https://www.silicon.fr/wp-content/uploads/2021/02/SolarWinds-campagnes-espionnage-120x90.jpeg
La cybersecurite se construit dans un ecosysteme;https://www.silicon.fr/avis-expert/la-cybersecurite-se-construit-dans-un-ecosysteme;https://www.silicon.fr/wp-content/uploads/2015/03/securité-bis-120x90.jpg
Cybersecurite : comment la crypto se prepare au post-quantique;https://www.silicon.fr/cybersecurite-comment-la-crypto-se-prepare-au-post-quantique-356892.html;https://www.silicon.fr/wp-content/uploads/2015/05/quantique-informatique-120x90.jpg
SolarWinds : la chaine d’attaque se dessine;https://www.silicon.fr/solarwinds-chaine-attaque-356475.html;https://www.silicon.fr/wp-content/uploads/2021/01/SolarWinds-chaîne-120x90.jpeg
SolarWinds : un iceberg de cybersecurite ?;https://www.silicon.fr/solarwinds-iceberg-securite-356271.html;https://www.silicon.fr/wp-content/uploads/2021/01/SolarWinds-CISA-120x90.jpeg
SolarWinds : l’arbre qui cache la foret ?;https://www.silicon.fr/solarwinds-arbre-foret-356057.html;https://www.silicon.fr/wp-content/uploads/2021/01/SolarWinds-DoJ-JetBrains-120x90.jpeg
SolarWinds : l’etau se resserre sur l’editeur pirate;https://www.silicon.fr/solarwinds-etau-resserre-355975.html;https://www.silicon.fr/wp-content/uploads/2021/01/SolarWinds-recours-collectif-120x90.jpeg
SolarWinds : le bilan s’alourdit encore;https://www.silicon.fr/solarwinds-bilan-alourdit-355760.html;https://www.silicon.fr/wp-content/uploads/2021/01/SolarWinds-2021-120x90.jpeg
SolarWinds : nouvelle backdoor… et nouvelles victimes;https://www.silicon.fr/solarwinds-backdoor-victimes-355191.html;https://www.silicon.fr/wp-content/uploads/2020/12/SolarWinds-victimes-backdoor-120x90.jpeg
SolarWinds : ce qu’on sait une semaine apres les revelations;https://www.silicon.fr/solarwinds-semaine-revelations-355113.html;https://www.silicon.fr/wp-content/uploads/2020/12/SolarWinds-120x90.jpeg
SolarWinds : quand des logiciels legitimes servent de backdoors;https://www.silicon.fr/solarwinds-logiciels-backdoors-354431.html;https://www.silicon.fr/wp-content/uploads/2020/12/SolarWinds-faille-sécurité-120x90.jpeg
Cyberattaques : de Cloud Hopper a WannaCry, l’UE sanctionne pour l’exemple;https://www.silicon.fr/cyberattaques-cloud-hopper-wannacry-ue-344331.html;https://www.silicon.fr/wp-content/uploads/2020/07/Union-européenne-sanctions-cyberattaque-120x90.jpg
Cybercrime : l’ANSSI attire l’attention sur Silence;https://www.silicon.fr/cybercrime-anssi-silence-339492.html;https://www.silicon.fr/wp-content/uploads/2020/05/Silence-ANSSI-120x90.jpg
Georges Lotigier, Vade Secure : « Cette crise est un crash-test pour les entreprises dont la transformation numerique a deja ete realisee »;https://www.silicon.fr/georges-lotigier-vade-secure-cette-crise-est-un-crash-test-pour-les-entreprises-dont-la-transformation-numerique-a-deja-ete-realisee-337591.html;https://www.silicon.fr/wp-content/uploads/2020/04/0-120x90.jpg
Coronavirus : des experts de 40 pays mobilises contre les cyberattaques;https://www.silicon.fr/coronavirus-des-experts-de-40-pays-mobilises-contre-les-cyberattaques-336946.html;https://www.silicon.fr/wp-content/uploads/2019/04/AdobeStock_135162534-120x90.jpeg
FIC 2020 : l’ANSSI veut accelerer la souverainete europeenne;https://www.silicon.fr/fic-2020-lanssi-veut-accelerer-la-souverainete-europeenne-333439.html;https://www.silicon.fr/wp-content/uploads/2020/01/Logo-FIC2020-120x90.png
Pourquoi la BBC lance un site d’informations accessible via Tor;https://www.silicon.fr/pourquoi-la-bbc-lance-un-site-dinformations-accessible-via-tor-311881.html;https://www.silicon.fr/wp-content/uploads/2019/10/BBC-Logo-120x90.jpg
Comment fonctionne le Commandement de la cyberdefense (COMCYBER);https://www.silicon.fr/comment-fonctionne-le-commandement-de-la-cyberdefense-comcyber-262999.html;https://www.silicon.fr/wp-content/uploads/2019/10/general-didier-tisseyre-comcyber-120x90.jpg
Cloud souverain : Bruno Lemaire relance Dassault Systemes et OVH;https://www.silicon.fr/cloud-souverain-bruno-lemaire-relance-dassault-systemes-et-ovh-262679.html;https://www.silicon.fr/wp-content/uploads/2019/10/shutterstock_308590607-684x513-120x90.jpg
Securite : Microsoft investit dans le CyberPeace Institute;https://www.silicon.fr/securite-microsoft-cyberpeace-institute-262057.html;https://www.silicon.fr/wp-content/uploads/2019/09/CyberPeace-Institute-120x90.png
;https://livreblanc.silicon.fr/?post_type=resource&p=21757;https://livreblanc.silicon.fr/wp-content/uploads/2020/10/Capture-120x90.png
;https://livreblanc.silicon.fr/resource/explications-et-avantages-de-la-facture-electronique;https://livreblanc.silicon.fr/wp-content/uploads/2020/10/nouvellecreaLivreblanc-120x90.jpg
;https://livreblanc.silicon.fr/resource/avis-dexperts-infrastructures-hybrides-une-solution-complexe-mais-pas-inaccessible;https://livreblanc.silicon.fr/wp-content/uploads/2020/10/iguane-a-120x90.png
SIEM as a Service : la surveillance du SI bascule dans le Cloud;https://www.silicon.fr/dossiers/siem-as-a-service-la-surveillance-du-si-bascule-dans-le-cloud;https://www.silicon.fr/wp-content/uploads/2020/02/gartner-magic-quadrant-siem-2020-120x90.png
Assurance cyber : la prime flambe, comment la reduire ?;https://www.silicon.fr/dossiers/assurance-cyber-comment-reduire-la-prime;https://www.silicon.fr/wp-content/uploads/2022/01/NotPetya-assurance-cyber-jurisprudence-120x90.jpg
;https://www.silicon.fr/dossiers/sd-wan-vers-une-securite-100-cloud;https://www.silicon.fr/wp-content/uploads/2015/07/res7_3-defis-securite-reseau-article-120x90.jpg
Cybersecurite as a Service : jusqu’ou peut-on externaliser ?;https://www.silicon.fr/dossiers/cybersecurite-as-a-service-jusquou-peut-on-externaliser;https://www.silicon.fr/wp-content/uploads/2021/12/553950_f_secure_1-120x90.jpg
