Pourquoi Dell et Lenovo snobent la puce de securite Microsoft Pluton;https://www.lemondeinformatique.fr/actualites/lire-pourquoi-dell-et-lenovo-snobent-la-puce-de-securite-microsoft-pluton-86101.html;le 12 Mars 2022;https://images.itnewsinfo.com/lmi/articles/moyen/000000084428.jpg
La faille Dirty Pipe s'en prend aussi aux conteneurs;https://www.lemondeinformatique.fr/actualites/lire-la-faille-dirty-pipe-s-en-prend-aussi-aux-conteneurs-86092.html;le 11 Mars 2022;https://images.itnewsinfo.com/lmi/articles/moyen/000000084420.jpg
Patch Tuesday, Microsoft corrige encore une faille zero day Exchange Server;https://www.lemondeinformatique.fr/actualites/lire-patch-tuesday-microsoft-corrige-encore-une-faille-zero-day-exchange-server-86063.html;le 09 Mars 2022;https://images.itnewsinfo.com/lmi/articles/moyen/000000084359.jpg
La faille Dirty Pipe menace les distributions Linux et Android;https://www.lemondeinformatique.fr/actualites/lire-la-faille-dirty-pipe-menace-les-distributions-linux-et-android-86054.html;le 08 Mars 2022;https://images.itnewsinfo.com/lmi/articles/moyen/000000084346.jpg
Oracle fournit une version CBE de Solaris 11.4 pour l'open source;https://www.lemondeinformatique.fr/actualites/lire-oracle-fournit-une-version-cbe-de-solaris-114-pour-l-open-source-86035.html;le 07 Mars 2022;https://images.itnewsinfo.com/lmi/articles/moyen/000000084279.jpg
Des surprises dans la derniere version test de Windows 11;https://www.lemondeinformatique.fr/actualites/lire-des-surprises-dans-la-derniere-version-test-de-windows-11-86007.html;le 05 Mars 2022;https://images.itnewsinfo.com/lmi/articles/moyen/000000084220.png
Fujitsu prevoit l'arret de ses ventes de mainframes en 2030;https://www.lemondeinformatique.fr/actualites/lire-fujitsu-prevoit-l-arret-de-ses-ventes-de-mainframes-en-2030-85961.html;le 28 Février 2022;https://images.itnewsinfo.com/lmi/articles/moyen/000000084139.jpg
iOS 15.4 : La beta 4 apporte des changements majeurs;https://www.lemondeinformatique.fr/actualites/lire-ios-154-la-beta-4-apporte-des-changements-majeurs-85944.html;le 25 Février 2022;https://images.itnewsinfo.com/lmi/articles/moyen/000000084112.jpg
Une faille vulnerabilise le gestionnaire de paquets Snap pour Linux;https://www.lemondeinformatique.fr/actualites/lire-une-faille-vulnerabilise-le-gestionnaire-de-paquets-snap-pour-linux-85889.html;le 21 Février 2022;https://images.itnewsinfo.com/lmi/articles/moyen/000000084012.jpg
Un outil pour craquer les mots de passe des Mac avec puces T2;https://www.lemondeinformatique.fr/actualites/lire-un-outil-pour-craquer-les-mots-de-passe-des-mac-avec-puces-t2-85868.html;le 18 Février 2022;https://images.itnewsinfo.com/lmi/articles/moyen/000000083969.jpg
Chrome OS Flex change de vieux PC et Mac en Chromebook;https://www.lemondeinformatique.fr/actualites/lire-chrome-os-flex-change-de-vieux-pc-et-mac-en-chromebook-85843.html;le 16 Février 2022;https://images.itnewsinfo.com/lmi/articles/moyen/000000083929.jpg
Des malwares derriere un faux site web de mise a jour Windows 11;https://www.lemondeinformatique.fr/actualites/lire-des-malwares-derriere-un-faux-site-web-de-mise-a-jour-windows-11-85784.html;le 11 Février 2022;https://images.itnewsinfo.com/lmi/articles/moyen/000000083844.png
Patch Tuesday : 51 failles corrigees dont une zero day;https://www.lemondeinformatique.fr/actualites/lire-patch-tuesday-51-failles-corrigees-dont-une-zero-day-85757.html;le 09 Février 2022;https://images.itnewsinfo.com/lmi/articles/moyen/000000083803.jpg
Windows 11 : Microsoft indecis sur sa politique de mises a jour;https://www.lemondeinformatique.fr/actualites/lire-windows-11-microsoft-indecis-sur-sa-politique-de-mises-a-jour-85700.html;le 06 Février 2022;https://images.itnewsinfo.com/lmi/articles/moyen/000000083723.png
Les recettes de l'Anssi pour securiser la journalisation d'Active Directory;https://www.lemondeinformatique.fr/actualites/lire-les-recettes-de-l-anssi-pour-securiser-la-journalisation-d-active-directory-85653.html;le 01 Février 2022;https://images.itnewsinfo.com/lmi/articles/moyen/000000083694.jpg
Sur l'AR/VR, Apple prefere le terre a terre au metavers;https://www.lemondeinformatique.fr/actualites/lire-sur-l-ar-vr-apple-prefere-le-terre-a-terre-au-metavers-85648.html;le 01 Février 2022;https://images.itnewsinfo.com/lmi/articles/moyen/000000083649.jpg
Un bug dans Samba ouvre des acces root a distance;https://www.lemondeinformatique.fr/actualites/lire-un-bug-dans-samba-ouvre-des-acces-root-a-distance-85643.html;le 01 Février 2022;https://images.itnewsinfo.com/lmi/articles/moyen/000000083646.jpg
