Windows 11 Pro : sans compte Microsoft, point de salut ?;https://www.silicon.fr/windows-11-pro-compte-microsoft-432591.html;https://www.silicon.fr/wp-content/uploads/2022/02/Windows-11-Pro-compte-Microsoft-120x90.jpg
Chrome OS Flex : les choses a savoir avant de l’installer;https://www.silicon.fr/chrome-os-flex-choses-a-savoir-avant-installer-432493.html;https://www.silicon.fr/wp-content/uploads/2022/02/Chrome-OS-Flex-120x90.jpg
Windows Insider : retour aux sources apres 7 ans ?;https://www.silicon.fr/windows-insider-2-431605.html;https://www.silicon.fr/wp-content/uploads/2022/02/Windows-Insider-2022-120x90.jpg
Patch Tuesday : Microsoft s’y reprend a deux fois;https://www.silicon.fr/patch-tuesday-microsoft-machine-arriere-430166.html;https://www.silicon.fr/wp-content/uploads/2022/01/Microsoft-Patch-Tuesday-janvier-2022-120x90.jpg
Chrome OS : Google prepare l’arrivee du canal LTS;https://www.silicon.fr/chrome-os-canal-lts-420900.html;https://www.silicon.fr/wp-content/uploads/2021/11/Chrome-OS-cycle-de-vie-120x90.jpg
Windows 10 : ce que Microsoft abandonne;https://www.silicon.fr/windows-10-microsoft-abandonne-420594.html;https://www.silicon.fr/wp-content/uploads/2021/11/Windows-10-21H2-Windows-11-120x90.jpg
Windows 11 SE officialise : ce qu’il faut retenir;https://www.silicon.fr/windows-11-se-officialise-ce-quil-faut-retenir-420109.html;https://www.silicon.fr/wp-content/uploads/2021/11/Windows-11-SE-120x90.jpeg
Windows 11 plombe par un certificat expire;https://www.silicon.fr/windows-11-plombe-certificat-expire-419861.html;https://www.silicon.fr/wp-content/uploads/2021/11/Windows-11-correctif-certificat-120x90.jpg
Windows 11 : ce qu’il faut savoir sur le sous-systeme Android;https://www.silicon.fr/windows-11-sous-systeme-android-419010.html;https://www.silicon.fr/wp-content/uploads/2021/10/Amazon-Appstore-Android-Windows-11-120x90.png
Windows 11 : deconseille aux processeurs AMD ?;https://www.silicon.fr/windows-11-deconseille-processeurs-amd-418162.html;https://www.silicon.fr/wp-content/uploads/2021/10/AMD-Windows-11-120x90.jpeg
Windows 11 : Microsoft dans l’incertitude ?;https://www.silicon.fr/windows-11-microsoft-incertitude-416990.html;https://www.silicon.fr/wp-content/uploads/2021/09/Windows-11-Microsoft-incertitude-120x90.jpeg
Windows 11 : comment valider la compatibilite ?;https://www.silicon.fr/windows-11-valider-compatibilite-416169.html;https://www.silicon.fr/wp-content/uploads/2021/09/Windows-11-compatibilité-120x90.jpeg
Windows 11 finalement ouvert a tous ?;https://www.silicon.fr/windows-11-415151.html;https://www.silicon.fr/wp-content/uploads/2021/08/Windows-11-spécifications-120x90.jpeg
Debian 11 : ce qu’il y a au-dela de l’exFAT natif;https://www.silicon.fr/debian-11-exfat-natif-414860.html;https://www.silicon.fr/wp-content/uploads/2021/08/Debian-11-120x90.jpeg
Windows 10 21H2 : Microsoft confidential ?;https://www.silicon.fr/windows-10-21h2-microsoft-412800.html;https://www.silicon.fr/wp-content/uploads/2021/07/Windows-10-21H2-1-120x90.jpg
Windows 11 : Microsoft revoit ses exigences a la baisse;https://www.silicon.fr/windows-11-microsoft-exigences-baisse-411391.html;https://www.silicon.fr/wp-content/uploads/2021/06/Windows-11-interface-120x90.png
Windows 11 : qui pourra vraiment l’installer ?;https://www.silicon.fr/windows-11-qui-pourra-vraiment-installer-411221.html;https://www.silicon.fr/wp-content/uploads/2021/06/Windows-11-installer-120x90.jpg
Windows 11 : ce que Microsoft veut faire oublier;https://www.silicon.fr/windows-11-microsoft-faire-oublier-411147.html;https://www.silicon.fr/wp-content/uploads/2021/06/Teams-120x90.jpg
Windows 11 : que retenir de la premiere rencontre ?;https://www.silicon.fr/windows-11-premiere-rencontre-411123.html;https://www.silicon.fr/wp-content/uploads/2021/06/Windows-11-120x90.jpg
Jamf gere les terminaux Apple des employes en Flex Office;https://www.silicon.fr/brandvoice/jamf-gere-les-terminaux-apple-des-employes-en-flex-office;https://www.silicon.fr/wp-content/uploads/2021/06/JAMF-696x348-1-120x90.jpg
Windows 10 ne sera pas eternel : pourquoi on en reparle;https://www.silicon.fr/windows-10-pas-eternel-reparle-410297.html;https://www.silicon.fr/wp-content/uploads/2021/06/Windows-10-Windows-11-120x90.jpg
Chrome OS : ce qui va changer dans les mises a jour;https://www.silicon.fr/chrome-os-changer-mises-jour-410154.html;https://www.silicon.fr/wp-content/uploads/2021/06/Chrome-OS-rythme-mise-à-jour-120x90.jpg
HarmonyOS : comment Huawei gere la question Android;https://www.silicon.fr/harmonyos-huawei-android-409020.html;https://www.silicon.fr/wp-content/uploads/2021/06/Huawei-HarmonyOS-Android-120x90.jpg
Microsoft ouvre la porte a Windows 10 21H1 et la ferme a Windows 10X;https://www.silicon.fr/microsoft-windows-10-21h1-windows-10x-407784.html;https://www.silicon.fr/wp-content/uploads/2021/05/Windows-10-21H1-Windows-10X-120x90.jpg
Ubuntu sur WSL : Canonical pousse son canal experimental;https://www.silicon.fr/ubuntu-wsl-canonical-canal-experimental-404176.html;https://www.silicon.fr/wp-content/uploads/2021/04/Canonical-Ubuntu-Windows-WSL-2-120x90.jpg
Windows 10 21H1 ouvert aux entreprises : a qui la mise a jour simplifiee ?;https://www.silicon.fr/windows-10-21h1-entreprises-403479.html;https://www.silicon.fr/wp-content/uploads/2021/03/Windows-10-21H1-120x90.jpg
Linux : la question lancinante des mises a jour automatiques;https://www.silicon.fr/linux-question-lancinante-mises-jour-automatiques-401200.html;https://www.silicon.fr/wp-content/uploads/2021/03/Linux-mises-à-jour-automatiques-120x90.png
Chrome OS bourgeonne avec la pandemie;https://www.silicon.fr/chrome-os-bourgeonne-pandemie-362453.html;https://www.silicon.fr/wp-content/uploads/2021/02/Chrome-OS-2020-120x90.jpg
Poste de travail : le Mac gagne du terrain en entreprise;https://www.silicon.fr/travail-mac-entreprise-360623.html;https://www.silicon.fr/wp-content/uploads/2020/06/Apple-WWDC-2020-Arm-Mac-Intel-120x90.jpg
Red Hat tend une perche aux exiles de CentOS;https://www.silicon.fr/red-hat-perche-exiles-centos-357039.html;https://www.silicon.fr/wp-content/uploads/2021/01/Red-Hat-CentOS-120x90.jpg
;https://livreblanc.silicon.fr/?post_type=resource&p=21757;https://livreblanc.silicon.fr/wp-content/uploads/2020/10/Capture-120x90.png
;https://livreblanc.silicon.fr/resource/explications-et-avantages-de-la-facture-electronique;https://livreblanc.silicon.fr/wp-content/uploads/2020/10/nouvellecreaLivreblanc-120x90.jpg
;https://livreblanc.silicon.fr/resource/avis-dexperts-infrastructures-hybrides-une-solution-complexe-mais-pas-inaccessible;https://livreblanc.silicon.fr/wp-content/uploads/2020/10/iguane-a-120x90.png
SIEM as a Service : la surveillance du SI bascule dans le Cloud;https://www.silicon.fr/dossiers/siem-as-a-service-la-surveillance-du-si-bascule-dans-le-cloud;https://www.silicon.fr/wp-content/uploads/2020/02/gartner-magic-quadrant-siem-2020-120x90.png
Assurance cyber : la prime flambe, comment la reduire ?;https://www.silicon.fr/dossiers/assurance-cyber-comment-reduire-la-prime;https://www.silicon.fr/wp-content/uploads/2022/01/NotPetya-assurance-cyber-jurisprudence-120x90.jpg
;https://www.silicon.fr/dossiers/sd-wan-vers-une-securite-100-cloud;https://www.silicon.fr/wp-content/uploads/2015/07/res7_3-defis-securite-reseau-article-120x90.jpg
Cybersecurite as a Service : jusqu’ou peut-on externaliser ?;https://www.silicon.fr/dossiers/cybersecurite-as-a-service-jusquou-peut-on-externaliser;https://www.silicon.fr/wp-content/uploads/2021/12/553950_f_secure_1-120x90.jpg
