Supply chain : comment ameliorer la securite de l’approvisionnement IT;https://www.silicon.fr/supply-chain-faire-priorite-securite-420399.html;https://www.silicon.fr/wp-content/uploads/2021/03/vulnérabilité-faille-sécurité-©-Sashkin-shutterstock-120x90.jpg
Assurances cyber : les pistes du rapport Faure-Muntian;https://www.silicon.fr/assurances-cyber-pistes-rapport-faure-muntian-418677.html;https://www.silicon.fr/wp-content/uploads/2021/10/Assurances-cyber-rapport-Faure-120x90.jpeg
Windows 11 : ce qui change dans la securite de base;https://www.silicon.fr/windows-11-securite-base-418350.html;https://www.silicon.fr/wp-content/uploads/2021/10/Windows-11-baseline-sécurité-120x90.jpg
Top 10 OWASP : quelles vulnerabilites surveiller sur les web apps ?;https://www.silicon.fr/top-10-owasp-vulnerabilites-web-apps-418000.html;https://www.silicon.fr/wp-content/uploads/2021/10/OWASP-Top-10-2021-120x90.jpeg
Cybersecurite : comment eviter les pieges courants d’un changement de solution;https://www.silicon.fr/avis-expert/cybersecurite-comment-eviter-les-pieges-courants-dun-changement-de-solution;https://www.silicon.fr/wp-content/uploads/2019/04/AdobeStock_135162534-120x90.jpeg
Chiffrement : faut-il mettre RSA en veilleuse ?;https://www.silicon.fr/chiffrement-mettre-rsa-veilleuse-410050.html;https://www.silicon.fr/wp-content/uploads/2019/02/rsa-chiffrement-cryptanalyse-684x513-120x90.jpg
Acces distants : un bilan contraste pour les DSI;https://www.silicon.fr/acces-distants-bilan-contraste-dsi-409965.html;https://www.silicon.fr/wp-content/uploads/2018/11/Cloud-network-réseau-©-Jiunn-shutterstock-440x330-120x90.png
Cyber-virus : l’autre pandemie qui nous menace;https://www.silicon.fr/avis-expert/cyber-virus-lautre-pandemie-qui-nous-menace;https://www.silicon.fr/wp-content/uploads/2016/05/vieux-virus-120x90.jpg
Assurances cyber : le marche francais en desequilibre;https://www.silicon.fr/assurances-cyber-marche-francais-desequilibre-408667.html;https://www.silicon.fr/wp-content/uploads/2021/05/France-assurances-cyber-120x90.jpeg
Cybersecurite : la quete de legislations harmonisees;https://www.silicon.fr/cybersecurite-legislations-harmonisees-407887.html;https://www.silicon.fr/wp-content/uploads/2021/05/cybersécurité-législations-harmonisées-120x90.jpg
En cas de cyberattaque, le temps est compte pour proteger son entreprise;https://www.silicon.fr/avis-expert/en-cas-de-cyberattaque-le-temps-est-compte-pour-proteger-son-entreprise;https://www.silicon.fr/wp-content/uploads/2017/11/malware-attaque-malveillant-120x90.jpg
Violation de donnees : phishing et ransomware au top des menaces;https://www.silicon.fr/violation-donnees-phishing-ransomware-407522.html;https://www.silicon.fr/wp-content/uploads/2018/07/securite-donnees-internet-1-120x90.jpg
Cyberdefense : l’Europe doit penser communaute et besoin marche pour reussir;https://www.silicon.fr/avis-expert/cyberdefense-leurope-doit-penser-communaute-et-besoin-marche-pour-reussir;https://www.silicon.fr/wp-content/uploads/2013/05/Europe-120x90.jpg
WAFaaS: la seule fois ou « as-a-Service » signifie « mauvais-Service ».;https://www.silicon.fr/avis-expert/wafaas-la-seule-fois-ou-as-a-service-signifie-mauvais-service;https://www.silicon.fr/wp-content/uploads/2013/05/hp-securite-applications-web-120x90.jpg
Le MFA eclipsera-t-il les gestionnaires de mots de passe ?;https://www.silicon.fr/mfa-gestionnaires-mots-passe-406923.html;https://www.silicon.fr/wp-content/uploads/2021/05/Journée-mondiale-mot-de-passe-120x90.jpg
Architecture SASE : futur de la securite du cloud ?;https://www.silicon.fr/architecture-sase-futur-de-la-securite-du-cloud%e2%80%89-406244.html;https://www.silicon.fr/wp-content/uploads/2019/04/securite-protection-multicouche-120x90.jpg
ABBYY : Paul Nizov est nomme RSSI;https://www.silicon.fr/abbyy-paul-nizov-rssi-406086.html;https://www.silicon.fr/wp-content/uploads/2021/04/Paul-Nizov-120x90.png
Cyber risques : des entreprises mal assurees ?;https://www.silicon.fr/cyber-risques-entreprises-mal-assurees-405807.html;https://www.silicon.fr/wp-content/uploads/2019/02/chiffrement-sécurité-faille-684x441-1-120x90.jpg
Cybersecurite industrielle : vers la fin (enfin) de l’empilement des solutions de securite ?;https://www.silicon.fr/avis-expert/cybersecurite-industrielle-vers-la-fin-enfin-de-lempilement-des-solutions-de-securite;https://www.silicon.fr/wp-content/uploads/2021/04/NVIDIA-cybersécurité-120x90.jpeg
L’emergence des developpeurs dans les prises de decisions technologiques;https://www.silicon.fr/avis-expert/lemergence-des-developpeurs-dans-les-prises-de-decisions-technologiques;https://www.silicon.fr/wp-content/uploads/2019/08/developpement-3-684x513-120x90.jpg
Applications mobiles : une strategie d’acces a revoir ?;https://www.silicon.fr/applications-mobiles-strategie-acces-405351.html;https://www.silicon.fr/wp-content/uploads/2020/09/cybersecurity-2765707_640_Pixabay-120x90.jpg
{ Video} Comment le projet SafeCare veut proteger le secteur de la sante avec l’IA;https://www.silicon.fr/video-comment-le-projet-safecare-veut-proteger-le-secteur-de-la-sante-avec-lia-404846.html;https://www.silicon.fr/wp-content/uploads/2021/04/SAFECARE-logo-120x90.jpg
WAPT2.0: Securiser son systeme d’information;https://www.silicon.fr/brandvoice/wapt2-0-securiser-son-systeme-dinformation;https://www.silicon.fr/wp-content/uploads/2021/04/sortie-wapt2.0-120x90.png
3DS Outscale : Nicolas Eyraud est nomme RSSI;https://www.silicon.fr/3ds-outscale-nicolas-eyraud-rssi-405180.html;https://www.silicon.fr/wp-content/uploads/2021/04/Nicolas-Eyraud_3DS-Outscale-120x90.png
Detection et restauration des donnees : les elements indispensables d’une cybersecurite efficace;https://www.silicon.fr/avis-expert/detection-et-restauration-des-donnees-les-elements-indispensables-dune-cybersecurite-efficace;https://www.silicon.fr/wp-content/uploads/2020/07/data-684x513-1-120x90.jpg
Gestion des identites et authentification multifacteur : des technologies cles pour garantir une securite Zero-Trust;https://www.silicon.fr/avis-expert/gestion-des-identites-et-authentification-multifacteur-des-technologies-cles-pour-garantir-une-securite-zero-trust;https://www.silicon.fr/wp-content/uploads/2019/01/IA-cybersécurité_Ecole-polytechnique-Paris-France-on-Visual-hunt-CC-BY-SA-120x90.jpg
Cybersecurite et empreinte carbone : une relation encore difficile;https://www.silicon.fr/avis-expert/cybersecurite-et-empreinte-carbone-une-relation-encore-difficile;https://www.silicon.fr/wp-content/uploads/2017/11/barometre-green-it-120x90.jpg
RSSI, un role en perpetuel changement;https://www.silicon.fr/avis-expert/rssi-un-role-en-perpetuel-changement;https://www.silicon.fr/wp-content/uploads/2018/10/protection-données-RSSI-RGPD-etude-CESIN-684x513-120x90.jpg
Le secteur de la sante dans le radar des cybercriminels : comment surmonter les nouveaux risques lies a la pandemie de COVID-19 ?;https://www.silicon.fr/avis-expert/le-secteur-de-la-sante-dans-le-radar-des-cybercriminels-comment-surmonter-les-nouveaux-risques-lies-a-la-pandemie-de-covid-19;https://www.silicon.fr/wp-content/uploads/2016/02/hopital-machine-120x90.jpg
Stephan Hadinger (AWS France) : « La securite cloud, c’est une responsabilite partagee »;https://www.silicon.fr/hadinger-aws-securite-cloud-responsabilite-partagee-403481.html;https://www.silicon.fr/wp-content/uploads/2021/03/Stephan-Hadinger-120x90.jpg
;https://livreblanc.silicon.fr/?post_type=resource&p=21757;https://livreblanc.silicon.fr/wp-content/uploads/2020/10/Capture-120x90.png
;https://livreblanc.silicon.fr/resource/explications-et-avantages-de-la-facture-electronique;https://livreblanc.silicon.fr/wp-content/uploads/2020/10/nouvellecreaLivreblanc-120x90.jpg
;https://livreblanc.silicon.fr/resource/avis-dexperts-infrastructures-hybrides-une-solution-complexe-mais-pas-inaccessible;https://livreblanc.silicon.fr/wp-content/uploads/2020/10/iguane-a-120x90.png
SIEM as a Service : la surveillance du SI bascule dans le Cloud;https://www.silicon.fr/dossiers/siem-as-a-service-la-surveillance-du-si-bascule-dans-le-cloud;https://www.silicon.fr/wp-content/uploads/2020/02/gartner-magic-quadrant-siem-2020-120x90.png
Assurance cyber : la prime flambe, comment la reduire ?;https://www.silicon.fr/dossiers/assurance-cyber-comment-reduire-la-prime;https://www.silicon.fr/wp-content/uploads/2022/01/NotPetya-assurance-cyber-jurisprudence-120x90.jpg
;https://www.silicon.fr/dossiers/sd-wan-vers-une-securite-100-cloud;https://www.silicon.fr/wp-content/uploads/2015/07/res7_3-defis-securite-reseau-article-120x90.jpg
Cybersecurite as a Service : jusqu’ou peut-on externaliser ?;https://www.silicon.fr/dossiers/cybersecurite-as-a-service-jusquou-peut-on-externaliser;https://www.silicon.fr/wp-content/uploads/2021/12/553950_f_secure_1-120x90.jpg
