Conflit ukrainien : les recommandations de cybersecurite pour proteger les entreprises;https://www.lemondeinformatique.fr/actualites/lire-conflit-ukrainien-les-recommandations-de-cybersecurite-pour-proteger-les-entreprises-85992.html;le 03 Mars 2022;https://images.itnewsinfo.com/lmi/articles/moyen/000000084197.png
L'ENT des lycees franciliens touche par une cyberattaque (MAJ);https://www.lemondeinformatique.fr/actualites/lire-l-ent-des-lycees-franciliens-touche-par-une-cyberattaque-maj-85995.html;le 02 Mars 2022;https://images.itnewsinfo.com/lmi/articles/moyen/000000084202.jpg
Microsoft taille ses applications de securite pour le multicloud;https://www.lemondeinformatique.fr/actualites/lire-microsoft-taille-ses-applications-de-securite-pour-le-multicloud-85931.html;le 24 Février 2022;https://images.itnewsinfo.com/lmi/articles/moyen/000000084097.jpg
Le concours cybersecurite BreizhCTF revient en avril a Rennes;https://www.lemondeinformatique.fr/actualites/lire-le-concours-cybersecurite-breizhctf-revient-en-avril-a-rennes-85827.html;le 15 Février 2022;https://images.itnewsinfo.com/lmi/articles/moyen/000000083908.jpg
L'Esilv rejoint le Campus Cyber;https://www.lemondeinformatique.fr/actualites/lire-l-esilv-rejoint-le-campus-cyber-85786.html;le 11 Février 2022;https://images.itnewsinfo.com/lmi/articles/moyen/000000083845.jpg
5 competences cles pour se proteger des cyberattaques;https://www.lemondeinformatique.fr/actualites/lire-5-competences-cles-pour-se-proteger-des-cyberattaques-85758.html;le 09 Février 2022;https://images.itnewsinfo.com/lmi/articles/moyen/000000083805.jpg
L'IT parmi les formations Skillsoft les plus demandees;https://www.lemondeinformatique.fr/actualites/lire-l-it-parmi-les-formations-skillsoft-les-plus-demandees-85666.html;le 02 Février 2022;https://images.itnewsinfo.com/lmi/articles/moyen/000000083670.jpg
Hexagone ouvre un Mastere cyberdefense et securite des SI;https://www.lemondeinformatique.fr/actualites/lire-hexagone-ouvre-un-mastere-cyberdefense-et-securite-des-si-85629.html;le 31 Janvier 2022;https://images.itnewsinfo.com/lmi/articles/moyen/000000083605.jpg
Cyberattaques en Ukraine : l'horizon s'assombrit;https://www.lemondeinformatique.fr/actualites/lire-cyberattaques-en-ukraine-l-horizon-s-assombrit-85467.html;le 17 Janvier 2022;https://images.itnewsinfo.com/lmi/articles/moyen/000000083345.png
Des milliers de serveurs sous HPE iLO vulnerables a la faille iLOBleed;https://www.lemondeinformatique.fr/actualites/lire-des-milliers-de-serveurs-sous-hpe-ilo-vulnerables-a-la-faille-ilobleed-85463.html;le 17 Janvier 2022;https://images.itnewsinfo.com/lmi/articles/moyen/000000083337.jpg
L'UBS va ouvrir un master international en cybersecurite;https://www.lemondeinformatique.fr/actualites/lire-l-ubs-va-ouvrir-un-master-international-en-cybersecurite-85068.html;le 09 Décembre 2021;https://images.itnewsinfo.com/lmi/articles/moyen/000000082671.jpg
Vague de faux e-mails du FBI sur fond de reglement de compte;https://www.lemondeinformatique.fr/actualites/lire-vague-de-faux-e-mails-du-fbi-sur-fond-de-reglement-de-compte-84799.html;le 15 Novembre 2021;https://images.itnewsinfo.com/lmi/articles/moyen/000000082154.png
Un collectif cyber francais unit ses forces dans la plateforme Open XDR;https://www.lemondeinformatique.fr/actualites/lire-un-collectif-cyber-francais-unit-ses-forces-dans-la-plateforme-open-xdr-84495.html;le 14 Octobre 2021;https://images.itnewsinfo.com/lmi/articles/moyen/000000081532.png
Un correctif pour serveur web HTTP Apache mis a jour en urgence;https://www.lemondeinformatique.fr/actualites/lire-un-correctif-pour-serveur-web-http-apache-mis-a-jour-en-urgence-84424.html;le 08 Octobre 2021;https://images.itnewsinfo.com/lmi/articles/moyen/000000081417.jpg
Pirater les ressources clouds n'a jamais ete aussi facile selon IBM X-Force;https://www.lemondeinformatique.fr/actualites/lire-pirater-les-ressources-clouds-n-a-jamais-ete-aussi-facile-selon-ibm-x-force-84208.html;le 20 Septembre 2021;https://images.itnewsinfo.com/lmi/articles/moyen/000000081042.png
Le botnet Meris pilonne Yandex avec une attaque DDoS record;https://www.lemondeinformatique.fr/actualites/lire-le-botnet-met-275-ris-pilonne-yandex-avec-une-attaque-ddos-record-84127.html;le 10 Septembre 2021;https://images.itnewsinfo.com/lmi/articles/moyen/000000080879.png
