VMware Horizon passe au double ecran sur Samsung DeX;https://www.silicon.fr/vmware-horizon-double-ecran-samsung-dex-432260.html;https://www.silicon.fr/wp-content/uploads/2022/02/DeX-VMware-Horizon-120x90.jpg
VMware : du plus pour les conteneurs, du moins pour les VM;https://www.silicon.fr/vmware-conteneurs-vm-431757.html;https://www.silicon.fr/wp-content/uploads/2022/02/VMware-Converter-Application-Transformer-120x90.jpg
Comment votre entreprise peut-elle beneficier de l’OCR ?;https://www.silicon.fr/brandvoice/comment-votre-entreprise-peut-elle-beneficier-de-locr;https://www.silicon.fr/wp-content/uploads/2021/12/Captura-de-pantalla-2021-12-16-155251-120x90.png
Cloud Hypervisor : de NEMU a la Fondation Linux;https://www.silicon.fr/cloud-hypervisor-de-nemu-a-la-fondation-linux-422143.html;https://www.silicon.fr/wp-content/uploads/2021/12/Cloud-Hypervisor-120x90.jpeg
vSphere : pourquoi VMware suspend les derniers updates;https://www.silicon.fr/vsphere-vmware-suspend-updates-420833.html;https://www.silicon.fr/wp-content/uploads/2021/11/VMware-vSphere-7-Update-3-suppression-120x90.jpeg
VMware ne veut plus de cles USB et de cartes SD sur ESXi;https://www.silicon.fr/vmware-fin-cles-usb-cartes-sd-esxi-418166.html;https://www.silicon.fr/wp-content/uploads/2021/10/VMware-ESXi-USB-SD-120x90.jpeg
Windows 11 : les deboires d’Oracle VM VirtualBox;https://www.silicon.fr/windows-11-deboires-oracle-vm-virtualbox-417989.html;https://www.silicon.fr/wp-content/uploads/2021/09/Windows-11-VM-VirtualBox-120x90.jpeg
Windows 11 : Microsoft durcit ses exigences pour les VM;https://www.silicon.fr/windows-11-microsoft-durcit-exigences-vm-virtualbox-416721.html;https://www.silicon.fr/wp-content/uploads/2021/09/Windows-11-VM-VirtualBox-120x90.jpeg
Le jumeau numerique : effacer la dualite entre virtuel et reel;https://www.silicon.fr/avis-expert/le-jumeau-numerique-effacer-la-dualite-entre-virtuel-et-reel;https://www.silicon.fr/wp-content/uploads/2014/08/virtualisation-cloud-120x90.jpg
VMware Fusion : un portage delicat vers Apple Silicon;https://www.silicon.fr/vmware-fusion-portage-delicat-apple-silicon-416091.html;https://www.silicon.fr/wp-content/uploads/2021/09/VMware-Fusion-Apple-Silicon-120x90.jpg
Windows 365 : quelle securite pour les PC virtuels ?;https://www.silicon.fr/windows-365-securite-pc-virtuels-414810.html;https://www.silicon.fr/wp-content/uploads/2021/08/Windows-365-sécurité-120x90.jpeg
ESXi sur Arm : un ecosysteme emerge;https://www.silicon.fr/esxi-arm-ecosysteme-410574.html;https://www.silicon.fr/wp-content/uploads/2021/06/ESXi-Arm-NVIDIA-dual-socket-120x90.jpg
WSL : comment Microsoft a integre les applications Linux graphiques;https://www.silicon.fr/wsl-microsoft-applications-linux-graphiques-405877.html;https://www.silicon.fr/wp-content/uploads/2021/04/WSL-applications-graphiques-Linux-120x90.jpeg
vSphere : une nouvelle version couleur NVIDIA;https://www.silicon.fr/vsphere-nouvelle-version-nvidia-401803.html;https://www.silicon.fr/wp-content/uploads/2021/03/NVIDIA-vSphere-120x90.jpg
DSI : quelles solutions pour accompagner la digitalisation des metiers ?;https://www.silicon.fr/brandvoice/dsi-quelles-solutions-pour-accompagner-la-digitalisation-des-metiers;https://www.silicon.fr/wp-content/uploads/2021/02/article-lemon-learning-120x90.png
Microdroid : un nouvel entrant dans la strategie virtualisation de Google;https://www.silicon.fr/microdroid-virtualisation-google-357407.html;https://www.silicon.fr/wp-content/uploads/2021/01/Microdroid-virtualisation-KVM-Google-120x90.jpg
{ SILICON – 20 ANS } – Virtualisation : des mainframes aux conteneurs;https://www.silicon.fr/silicon-20-ans-virtualisation-des-mainframes-aux-conteneurs-354442.html;https://www.silicon.fr/wp-content/uploads/2020/12/Silicon5_Couve_958x1266-120x90.png
Pour vos documents PDF, passez a la signature electronique !;https://www.silicon.fr/brandvoice/pour-vos-documents-pdf-passez-a-la-signature-electronique;https://www.silicon.fr/wp-content/uploads/2020/10/shutterstock_421486840-120x90.jpg
Project Monterey : VMware esquisse l’avenir de Cloud Foundation;https://www.silicon.fr/project-monterey-vmware-cloud-foundation-347964.html;https://www.silicon.fr/wp-content/uploads/2020/09/Project-Monterey-VMware-Cloud-Foundation-120x90.jpg
ESXi sur Arm : VMware s’en approche;https://www.silicon.fr/esxi-arm-vmware-347606.html;https://www.silicon.fr/wp-content/uploads/2020/09/VMware-ESXi-Arm-120x90.jpg
Hyperconvergence : HPE resiste, Dell et Nutanix dominent;https://www.silicon.fr/hyperconvergence-hpe-dell-nutanix-347159.html;https://www.silicon.fr/wp-content/uploads/2018/09/avis-experts-bitdefender-virtualisation-convergence-securite-684x513-120x90.jpg
VMware elargit son empreinte Kubernetes;https://www.silicon.fr/vmware-empreinte-kubernetes-346966.html;https://www.silicon.fr/wp-content/uploads/2020/09/VMworld-2020-VMware-Kubernetes-vSphere-120x90.jpg
Microsoft experimente les patchs automatises sur les VM Azure;https://www.silicon.fr/microsoft-patchs-automatises-vm-azure-346555.html;https://www.silicon.fr/wp-content/uploads/2020/09/Azure-VM-correctifs-automatiques-120x90.jpg
Comment le SD-WAN permet d’assurer la continuite des activites en temps de crise;https://www.silicon.fr/avis-expert/comment-le-sd-wan-permet-dassurer-la-continuite-des-activites-en-temps-de-crise;https://www.silicon.fr/wp-content/uploads/2018/12/réseau-virtuel-sd-wan-©-Wright-Studio-shutterstock-684x513-120x90.png
Red Hat OpenShift 4.5 s’ouvre davantage a la virtualisation;https://www.silicon.fr/red-hat-openshift-4-5-virtualisation-345268.html;https://www.silicon.fr/wp-content/uploads/2020/01/openshift-4-3-120x90.jpg
Oracle Cloud VMware gagne de nouveaux territoires;https://www.silicon.fr/oracle-cloud-vmware-gagne-de-nouveaux-territoires-345002.html;https://www.silicon.fr/wp-content/uploads/2019/01/pexels-photo-210158-120x90.jpeg
Citrix se raccroche a Windows Virtual Desktop;https://www.silicon.fr/citrix-windows-virtual-desktop-343383.html;https://www.silicon.fr/wp-content/uploads/2020/07/Citrix-Windows-Virtual-Desktop-120x90.jpg
DRaaS : VMware s’offre le service de reprise apres sinistre Datrium;https://www.silicon.fr/draas-vmware-datrium-342624.html;https://www.silicon.fr/wp-content/uploads/2018/09/vmware-684x513-120x90.jpg
Citrix Hypervisor : une deuxieme LTS pour l’ex-XenServer;https://www.silicon.fr/citrix-hypervisor-lts-xenserver-342074.html;https://www.silicon.fr/wp-content/uploads/2020/06/Citrix-Hypervisor-8.2-LTS-XenServer-120x90.jpg
Dell-VMware : une scission dans les cartons ?;https://www.silicon.fr/dell-vmware-scission-341851.html;https://www.silicon.fr/wp-content/uploads/2020/06/Dell-VMware-scission-120x90.jpg
;https://livreblanc.silicon.fr/?post_type=resource&p=21757;https://livreblanc.silicon.fr/wp-content/uploads/2020/10/Capture-120x90.png
;https://livreblanc.silicon.fr/resource/explications-et-avantages-de-la-facture-electronique;https://livreblanc.silicon.fr/wp-content/uploads/2020/10/nouvellecreaLivreblanc-120x90.jpg
;https://livreblanc.silicon.fr/resource/avis-dexperts-infrastructures-hybrides-une-solution-complexe-mais-pas-inaccessible;https://livreblanc.silicon.fr/wp-content/uploads/2020/10/iguane-a-120x90.png
SIEM as a Service : la surveillance du SI bascule dans le Cloud;https://www.silicon.fr/dossiers/siem-as-a-service-la-surveillance-du-si-bascule-dans-le-cloud;https://www.silicon.fr/wp-content/uploads/2020/02/gartner-magic-quadrant-siem-2020-120x90.png
Assurance cyber : la prime flambe, comment la reduire ?;https://www.silicon.fr/dossiers/assurance-cyber-comment-reduire-la-prime;https://www.silicon.fr/wp-content/uploads/2022/01/NotPetya-assurance-cyber-jurisprudence-120x90.jpg
;https://www.silicon.fr/dossiers/sd-wan-vers-une-securite-100-cloud;https://www.silicon.fr/wp-content/uploads/2015/07/res7_3-defis-securite-reseau-article-120x90.jpg
Cybersecurite as a Service : jusqu’ou peut-on externaliser ?;https://www.silicon.fr/dossiers/cybersecurite-as-a-service-jusquou-peut-on-externaliser;https://www.silicon.fr/wp-content/uploads/2021/12/553950_f_secure_1-120x90.jpg
