Upgrade Outdated hardware Infrastructure with Hyper Converged Appliance (HCA)?;https://www.vladan.fr/upgrade-outdated-hardware-infrastructure-with-hyper-converged-appliance/;15 mars 2022;//www.vladan.fr/wp-content/uploads/images/StarWind-HCA-2-60x60.png
vMotion Performance Optimizaton VMware vSphere 7 U3;https://www.vladan.fr/vmotion-performance-optimizaton-vmware-vsphere-7/;8 mars 2022;//www.vladan.fr/wp-content/uploads/images/vSphere-7-U3-60x60.png
Software Defined Storage – StarWind Write-Back or Write-Through cache?;https://www.vladan.fr/software-defined-storage-starwind-write-back-or-write-through-cache/;28 fevrier 2022;//www.vladan.fr/wp-content/uploads/images/StarWind-Synchronization-60x60.png
Virtual Infrastructure Free Database Performance Testing Tool;https://www.vladan.fr/virtual-infrastructure-free-database-performance-testing-tool/;25 fevrier 2022;//www.vladan.fr/wp-content/uploads/images/DVD-Store-Benchmarking-60x60.png
New Product Release – DC NetScope for VMware vSphere;https://www.vladan.fr/new-product-release-dc-netscope-for-vmware-vsphere/;23 fevrier 2022;//www.vladan.fr/wp-content/uploads/images/DC-NetScope-2-60x60.png
Free V2V and P2V Converter from StarWind is a multi conversion utility;https://www.vladan.fr/free-v2v-and-p2v-converter-from-starwind-is-a-multi-conversion-utility/;17 fevrier 2022;//www.vladan.fr/wp-content/uploads/images/StarWind-V2V-Converter-FREE-60x60.png
Interesting Cyber Threat Report shows which procedures hackers use the most;https://www.vladan.fr/interesting-cyber-threat-report-shows-which-procedures-hackers-use-the-most/;16 fevrier 2022;//www.vladan.fr/wp-content/uploads/images/HornetSecurity-Cyber-threat-report-60x60.png
Protect 10 VMs for Free with Zerto;https://www.vladan.fr/protect-10-vms-for-free-with-zerto-virtual-replication/;15 fevrier 2022;//www.vladan.fr/wp-content/uploads/images/Zerto-Compatibility-60x60.png
VMware vCenter Converter Discontinued – what’s your options?;https://www.vladan.fr/vmware-vcenter-converter-discontinued-whats-your-options/;4 fevrier 2022;//www.vladan.fr/wp-content/uploads/images/VMware-Converter-Setup-60x60.jpg
How to upgrade VMware VCSA 7 Offline via patch ISO;https://www.vladan.fr/how-to-upgrade-vmware-vcsa-7-offline-via-patch-iso/;1 fevrier 2022;//www.vladan.fr/wp-content/uploads/images/Check-CD-Rom-updates-60x60.png
vSphere 7.0 U3C Released;https://www.vladan.fr/vsphere-7-0-u3c-released-and-important-information-about-u3a-and-u3b/;28 janvier 2022;//www.vladan.fr/wp-content/uploads/images/vSphere-7.0-U3c-60x60.png
